[
    {
        "Namespace": "aws:autoscaling:launchconfiguration",
        "OptionName": "IamInstanceProfile",
        "Value": "LabInstanceProfile"
    },
    {
        "Namespace": "aws:autoscaling:launchconfiguration",
        "OptionName": "ImageId",
        "Value": "ami-040d931d2f7f2341c"
    },
    {
        "Namespace": "aws:autoscaling:launchconfiguration",
        "OptionName": "InstanceType",
        "Value": "t3.micro"
    },
    {
        "Namespace": "aws:autoscaling:launchconfiguration",
        "OptionName": "EC2KeyName",
        "Value": "lamp-app-key"
    },
    {
        "Namespace": "aws:autoscaling:launchconfiguration",
        "OptionName": "SecurityGroups",
        "Value": "sg-0c443ff6565523254"
    },
    {
        "Namespace": "aws:autoscaling:asg",
        "OptionName": "MinSize",
        "Value": "2"
    },
    {
        "Namespace": "aws:autoscaling:asg",
        "OptionName": "MaxSize",
        "Value": "8"
    },
    {
        "Namespace": "aws:elasticbeanstalk:environment",
        "OptionName": "LoadBalancerType",
        "Value": "application"
    },
    {
        "Namespace": "aws:ec2:vpc",
        "OptionName": "VPCId",
        "Value": "vpc-0164bd99719cccfbd"
    },
    {
        "Namespace": "aws:ec2:vpc",
        "OptionName": "Subnets",
        "Value": "subnet-038f2f355ee2000a5,subnet-06f4e63adf671e7ea"
    },
    {
        "Namespace": "aws:ec2:vpc",
        "OptionName": "ELBSubnets",
        "Value": "subnet-038f2f355ee2000a5,subnet-06f4e63adf671e7ea"
    },
    {
        "Namespace": "aws:elasticbeanstalk:application:environment",
        "OptionName": "RDS_HOSTNAME",
        "Value": "lamp-app-db.cijnrr1efnu0.us-east-1.rds.amazonaws.com"
    },
    {
        "Namespace": "aws:elasticbeanstalk:application:environment",
        "OptionName": "RDS_PORT",
        "Value": "3306"
    },
    {
        "Namespace": "aws:elasticbeanstalk:application:environment",
        "OptionName": "RDS_DB_NAME",
        "Value": "lamp_app_db"
    },
    {
        "Namespace": "aws:elasticbeanstalk:application:environment",
        "OptionName": "RDS_USERNAME",
        "Value": "lamp_admin"
    },
    {
        "Namespace": "aws:elasticbeanstalk:application:environment",
        "OptionName": "RDS_PASSWORD",
        "Value": "SecurePassword123!"
    },
    {
        "Namespace": "aws:elasticbeanstalk:healthreporting:system",
        "OptionName": "SystemType",
        "Value": "enhanced"
    }
]
