[
    {
        "Namespace": "aws:autoscaling:launchconfiguration",
        "OptionName": "SecurityGroups",
        "Value": "sg-0c443ff6565523254"
    },
    {
        "Namespace": "aws:autoscaling:launchconfiguration",
        "OptionName": "EC2KeyName",
        "Value": "lamp-app-key"
    },
    {
        "Namespace": "aws:autoscaling:launchconfiguration",
        "OptionName": "IamInstanceProfile",
        "Value": "aws-elasticbeanstalk-ec2-role"
    },
    {
        "Namespace": "aws:autoscaling:launchconfiguration",
        "OptionName": "ImageId",
        "Value": "ami-040d931d2f7f2341c"
    },
    {
        "Namespace": "aws:elasticbeanstalk:environment",
        "OptionName": "EnvironmentType",
        "Value": "LoadBalanced"
    },
    {
        "Namespace": "aws:autoscaling:asg",
        "OptionName": "MinSize",
        "Value": "2"
    },
    {
        "Namespace": "aws:autoscaling:asg",
        "OptionName": "MaxSize",
        "Value": "8"
    },
    {
        "Namespace": "aws:autoscaling:asg",
        "OptionName": "Cooldown",
        "Value": "360"
    },
    {
        "Namespace": "aws:autoscaling:trigger",
        "OptionName": "MeasureName",
        "Value": "NetworkOut"
    },
    {
        "Namespace": "aws:autoscaling:trigger",
        "OptionName": "Unit",
        "Value": "Bytes"
    },
    {
        "Namespace": "aws:autoscaling:trigger",
        "OptionName": "UpperThreshold",
        "Value": "60"
    },
    {
        "Namespace": "aws:autoscaling:trigger",
        "OptionName": "LowerThreshold",
        "Value": "30"
    }, {
        "Namespace": "aws:autoscaling:trigger",
        "OptionName": "UpperBreachScaleIncrement",
        "Value": "1"
    }, {
        "Namespace": "aws:autoscaling:trigger",
        "OptionName": "LowerBreachScaleIncrement",
        "Value": "-1"
    },
    {
        "Namespace": "aws:autoscaling:trigger",
        "OptionName": "BreachDuration",
        "Value": "300"
    },
    {
        "Namespace": "aws:autoscaling:trigger",
        "OptionName": "Period",
        "Value": "300"
    },
    {
        "Namespace": "aws:autoscaling:trigger",
        "OptionName": "EvaluationPeriods",
        "Value": "2"
    },
    {
        "Namespace": "aws:autoscaling:trigger",
        "OptionName": "Statistic",
        "Value": "Average"
    },
    {
        "Namespace": "aws:ec2:vpc",
        "OptionName": "VPCId",
        "Value": "vpc-0164bd99719cccfbd"
    },
    {
        "Namespace": "aws:ec2:vpc",
        "OptionName": "Subnets",
        "Value": "subnet-038f2f355ee2000a5,subnet-06f4e63adf671e7ea"
    },
    {
        "Namespace": "aws:ec2:vpc",
        "OptionName": "ELBSubnets",
        "Value": "subnet-038f2f355ee2000a5,subnet-06f4e63adf671e7ea"
    },
    {
        "Namespace": "aws:ec2:vpc",
        "OptionName": "AssociatePublicIpAddress",
        "Value": "true"
    },
    {
        "Namespace": "aws:elasticbeanstalk:application:environment",
        "OptionName": "RDS_HOSTNAME",
        "Value": "lamp-app-db.cijnrr1efnu0.us-east-1.rds.amazonaws.com"
    },
    {
        "Namespace": "aws:elasticbeanstalk:application:environment",
        "OptionName": "RDS_PORT",
        "Value": "3306"
    },
    {
        "Namespace": "aws:elasticbeanstalk:application:environment",
        "OptionName": "RDS_DB_NAME",
        "Value": "lampapp"
    },
    {
        "Namespace": "aws:elasticbeanstalk:application:environment",
        "OptionName": "RDS_USERNAME",
        "Value": "lampdbadmin"
    },
    {
        "Namespace": "aws:elasticbeanstalk:application:environment",
        "OptionName": "RDS_PASSWORD",
        "Value": "LampApp123"
    },
    {
        "Namespace": "aws:elasticbeanstalk:sns:topics",
        "OptionName": "Notification Topic ARN",
        "Value": "arn:aws:sns:us-east-1:595941056901:lamp-app-notifications"
    },
    {
        "Namespace": "aws:elasticbeanstalk:healthreporting:system",
        "OptionName": "SystemType",
        "Value": "enhanced"
    },
    {
        "Namespace": "aws:elasticbeanstalk:cloudwatch:logs",
        "OptionName": "StreamLogs",
        "Value": "true"
    },
    {
        "Namespace": "aws:elasticbeanstalk:cloudwatch:logs",
        "OptionName": "DeleteOnTerminate",
        "Value": "false"
    },
    {
        "Namespace": "aws:elasticbeanstalk:cloudwatch:logs",
        "OptionName": "RetentionInDays",
        "Value": "7"
    }
]
